price,area,bedrooms,bathrooms,stories,mainroad,guestroom,basement,hotwaterheating,airconditioning,parking,prefarea,furnishingstatus,
" 1,33,10,000 ",7500,5,2,3,yes,no,no,no,yes,2,yes,furnished,
" 1,22,60,000 ",9040,5,4,4,yes,no,no,no,yes,3,no,furnished,
" 1,22,60,000 ",10040,4,2,2,yes,no,yes,no,no,2,yes,semi-furnished,
" 1,22,25,000 ",7580,5,2,2,yes,no,yes,no,yes,3,yes,furnished,
" 1,14,20,000 ",7500,5,1,2,yes,yes,yes,no,yes,2,no,furnished,
" 1,08,60,000 ",7580,4,3,1,yes,no,yes,no,yes,2,yes,semi-furnished,
" 1,01,60,000 ",8660,5,3,4,yes,no,no,no,yes,2,yes,semi-furnished,
" 1,01,60,000 ",16280,6,3,2,yes,no,no,no,no,0,no,unfurnished,
" 98,80,000 ",8180,5,1,2,yes,yes,yes,no,yes,2,yes,furnished,
" 98,10,000 ",5830,4,2,4,yes,yes,no,no,yes,1,yes,unfurnished,
" 98,10,000 ",13280,4,1,2,yes,no,yes,no,yes,2,yes,furnished,
" 96,91,000 ",6080,5,3,2,yes,yes,yes,yes,no,2,no,semi-furnished,
" 93,20,000 ",6630,5,2,2,yes,no,no,no,yes,1,yes,semi-furnished,
" 92,50,000 ",3580,5,2,2,yes,no,no,yes,no,2,no,furnished,
" 92,50,000 ",7880,4,2,2,yes,no,no,no,no,0,yes,semi-furnished,
" 91,10,000 ",6080,5,1,2,yes,no,yes,no,no,2,no,semi-furnished,
" 91,10,000 ",6680,5,2,2,yes,yes,yes,no,yes,1,yes,unfurnished,
" 89,70,000 ",8580,4,2,4,yes,no,no,no,yes,2,no,furnished,
" 89,00,000 ",4680,4,2,2,yes,yes,no,no,yes,2,no,furnished,
" 88,65,000 ",6500,4,2,2,yes,no,no,no,yes,1,yes,semi-furnished,
" 87,60,000 ",4400,4,1,2,yes,no,yes,yes,no,2,no,semi-furnished,
" 86,90,000 ",7235,4,2,1,yes,yes,yes,no,yes,2,no,unfurnished,
" 86,55,000 ",8130,4,1,1,yes,yes,yes,no,yes,1,no,furnished,
" 86,55,000 ",4640,4,2,2,yes,yes,yes,no,yes,1,no,furnished,
" 85,85,000 ",8880,4,2,2,yes,no,no,no,yes,2,no,furnished,
" 85,50,000 ",6620,5,2,2,yes,yes,yes,no,yes,2,yes,furnished,
" 84,73,000 ",6080,4,2,4,yes,yes,yes,no,yes,0,yes,semi-furnished,
" 84,10,000 ",8955,4,1,1,yes,no,no,no,no,1,no,semi-furnished,
" 84,10,000 ",8030,6,2,2,yes,no,yes,yes,no,2,no,unfurnished,
" 84,10,000 ",5580,5,2,2,yes,no,yes,no,yes,1,yes,semi-furnished,
" 84,10,000 ",7555,4,2,4,yes,no,no,no,yes,2,no,unfurnished,
" 84,10,000 ",7080,4,1,4,yes,no,no,no,yes,2,no,semi-furnished,
" 83,05,000 ",4960,5,2,2,yes,no,no,no,yes,1,yes,furnished,
" 82,00,000 ",6040,4,3,2,yes,yes,yes,no,no,1,no,unfurnished,
" 81,30,000 ",6920,6,1,2,yes,yes,yes,no,yes,1,no,furnished,
" 80,90,940 ",7080,4,2,4,yes,no,no,no,yes,2,no,furnished,
" 80,53,000 ",7562,4,2,3,yes,no,no,yes,no,1,yes,furnished,
" 79,90,000 ",9080,5,2,4,yes,no,no,no,yes,2,no,furnished,
" 79,72,500 ",6080,4,1,4,yes,yes,no,no,yes,2,no,unfurnished,
" 79,20,000 ",6080,5,2,4,yes,no,no,no,yes,1,no,semi-furnished,
" 78,85,000 ",6630,4,1,2,yes,no,yes,no,yes,0,yes,furnished,
" 78,50,000 ",6440,4,2,4,yes,no,no,no,yes,0,yes,furnished,
" 77,10,000 ",6560,4,2,4,yes,no,no,no,yes,2,no,unfurnished,
" 77,10,000 ",6080,5,2,4,yes,no,no,no,no,2,no,semi-furnished,
" 75,70,000 ",6080,5,2,4,yes,no,no,no,yes,1,no,furnished,
" 75,70,000 ",6080,4,2,3,yes,no,no,no,yes,0,no,semi-furnished,
" 75,35,000 ",6080,4,2,4,yes,no,no,no,yes,1,no,furnished,
" 75,00,000 ",6680,4,1,4,yes,no,no,no,yes,3,yes,furnished,
" 74,65,000 ",4380,4,2,2,yes,no,yes,no,no,1,no,unfurnished,
" 74,30,000 ",7520,4,2,1,yes,yes,yes,no,yes,0,yes,semi-furnished,
" 74,30,000 ",7520,4,2,4,yes,no,no,no,no,1,yes,unfurnished,
" 74,30,000 ",6405,4,1,4,yes,no,no,no,yes,1,no,unfurnished,
" 73,60,000 ",6080,5,2,4,yes,yes,no,no,yes,1,no,furnished,
" 73,60,000 ",5230,4,2,4,yes,no,no,no,yes,2,no,semi-furnished,
" 73,60,000 ",6080,4,2,2,yes,yes,no,no,yes,1,no,semi-furnished,
" 73,60,000 ",6080,4,1,2,yes,no,no,no,yes,1,no,unfurnished,
" 73,53,000 ",11520,5,1,2,yes,no,yes,no,no,1,yes,semi-furnished,
" 72,55,000 ",9080,5,2,4,yes,yes,no,no,yes,1,yes,furnished,
" 72,20,000 ",7760,5,2,4,yes,yes,no,no,yes,1,no,semi-furnished,
" 72,20,000 ",6080,4,2,4,yes,yes,no,no,yes,1,no,furnished,
" 71,50,000 ",6080,4,2,2,yes,yes,no,no,no,1,no,semi-furnished,
" 70,80,000 ",8960,3,1,1,yes,no,no,no,yes,1,no,semi-furnished,
" 70,80,000 ",6320,5,2,2,yes,no,no,no,yes,1,no,furnished,
" 70,45,000 ",6440,5,2,3,yes,no,no,no,yes,2,yes,furnished,
" 70,10,000 ",11255,4,1,1,yes,no,yes,no,yes,1,yes,furnished,
" 69,40,000 ",8960,4,2,2,yes,no,yes,no,yes,1,no,furnished,
" 69,40,000 ",13280,3,1,1,yes,no,yes,yes,no,1,no,furnished,
" 69,05,000 ",7780,4,2,1,yes,no,no,no,no,2,no,unfurnished,
" 68,70,000 ",6080,4,1,1,yes,no,no,no,yes,1,no,furnished,
" 68,00,000 ",12170,5,2,2,yes,no,no,no,no,2,yes,furnished,
" 68,00,000 ",4080,4,2,2,yes,no,yes,no,yes,0,yes,semi-furnished,
" 67,65,000 ",6080,5,2,4,yes,no,no,no,yes,0,no,unfurnished,
" 67,30,000 ",5100,4,1,4,yes,no,no,no,yes,0,yes,unfurnished,
" 66,95,000 ",6680,3,2,4,yes,no,yes,no,no,0,yes,furnished,
" 66,60,000 ",4120,4,1,2,yes,no,yes,yes,no,1,no,furnished,
" 66,60,000 ",4340,5,2,2,yes,no,no,yes,no,0,no,semi-furnished,
" 66,60,000 ",6500,4,2,3,yes,no,no,no,yes,0,yes,furnished,
" 66,60,000 ",6580,4,2,3,yes,no,no,no,yes,0,yes,furnished,
" 66,60,000 ",5780,4,1,1,yes,yes,yes,no,yes,2,yes,furnished,
" 66,60,000 ",6080,4,2,3,yes,yes,no,no,yes,0,no,furnished,
" 66,39,000 ",6080,4,1,2,yes,no,no,yes,no,1,yes,semi-furnished,
" 66,25,000 ",4080,4,2,2,yes,no,yes,no,yes,1,no,semi-furnished,
" 66,25,000 ",10580,4,2,1,yes,no,yes,no,yes,1,yes,furnished,
" 65,90,000 ",6080,4,2,4,yes,no,no,no,yes,0,no,semi-furnished,
" 65,20,000 ",3840,4,1,2,yes,no,no,yes,no,2,no,semi-furnished,
" 65,20,000 ",8330,4,2,3,yes,no,no,no,yes,0,no,furnished,
" 65,20,000 ",6750,4,1,3,yes,no,yes,no,no,0,yes,unfurnished,
" 64,85,000 ",4040,4,1,1,yes,no,yes,no,no,2,no,semi-furnished,
" 64,85,000 ",7490,4,1,1,yes,yes,yes,no,yes,2,yes,unfurnished,
" 64,50,000 ",8660,6,3,2,yes,no,no,no,no,2,no,furnished,
" 64,50,000 ",5080,4,1,2,yes,no,no,no,yes,0,no,semi-furnished,
" 64,29,000 ",6830,3,1,1,yes,yes,yes,no,no,2,yes,furnished,
" 64,15,000 ",4880,4,2,4,yes,yes,no,no,yes,0,no,furnished,
" 63,10,000 ",7280,4,2,1,yes,no,yes,no,yes,3,no,semi-furnished,
" 63,10,000 ",6080,5,2,4,yes,no,no,no,no,1,no,semi-furnished,
" 63,10,000 ",4180,4,2,3,yes,no,no,no,yes,2,no,semi-furnished,
" 63,10,000 ",9080,4,1,1,yes,no,yes,no,no,1,yes,furnished,
" 63,10,000 ",6480,4,1,1,yes,yes,yes,no,yes,1,yes,semi-furnished,
" 63,03,000 ",6680,4,2,3,yes,no,no,no,yes,0,yes,unfurnished,
" 62,75,000 ",6080,5,1,3,yes,yes,yes,no,no,0,yes,unfurnished,
" 62,40,000 ",6680,4,2,1,yes,no,yes,no,yes,0,yes,unfurnished,
" 62,40,000 ",5580,4,1,3,yes,no,no,no,no,1,yes,unfurnished,
" 62,05,000 ",5580,4,2,4,yes,yes,no,no,yes,1,no,semi-furnished,
" 62,05,000 ",6430,4,2,3,yes,yes,no,no,yes,0,no,furnished,
" 62,05,000 ",5580,4,2,1,yes,yes,yes,no,no,2,yes,furnished,
" 61,70,000 ",4580,4,1,4,yes,no,no,no,yes,0,no,unfurnished,
" 61,70,000 ",5530,5,2,1,yes,no,yes,no,yes,0,yes,semi-furnished,
" 61,35,000 ",6500,4,1,3,yes,no,yes,no,no,0,yes,unfurnished,
" 61,17,500 ",3320,5,1,3,yes,no,no,no,no,1,no,semi-furnished,
" 61,00,000 ",6695,5,2,2,yes,yes,no,yes,no,1,no,semi-furnished,
" 61,00,000 ",6680,4,1,1,yes,yes,yes,no,no,2,yes,semi-furnished,
" 61,00,000 ",8452,4,1,3,yes,no,no,no,yes,2,no,unfurnished,
" 60,93,000 ",4380,7,2,2,yes,no,no,no,no,0,no,furnished,
" 60,93,000 ",9700,4,1,1,yes,no,yes,no,no,2,yes,furnished,
" 60,30,000 ",6880,3,1,1,yes,yes,yes,no,no,2,no,furnished,
" 60,30,000 ",8080,4,1,1,yes,yes,yes,no,yes,2,yes,semi-furnished,
" 60,30,000 ",6980,4,2,1,yes,yes,yes,no,no,0,yes,unfurnished,
" 59,60,000 ",3780,5,1,2,yes,yes,no,no,yes,0,no,furnished,
" 59,60,000 ",6500,4,1,1,yes,no,yes,no,yes,0,yes,furnished,
" 59,60,000 ",7100,4,1,1,yes,no,yes,no,yes,2,yes,semi-furnished,
" 59,60,000 ",6620,4,1,1,yes,yes,yes,no,no,2,yes,furnished,
" 59,60,000 ",7311,4,1,2,yes,yes,yes,no,yes,0,yes,semi-furnished,
" 59,60,000 ",6334,5,2,1,yes,no,yes,no,no,1,yes,semi-furnished,
" 59,60,000 ",7400,5,2,2,yes,no,no,no,no,0,no,furnished,
" 59,60,000 ",6605,4,2,4,yes,no,no,no,no,1,no,furnished,
" 59,53,000 ",15680,4,1,1,yes,no,no,no,yes,2,no,semi-furnished,
" 58,90,000 ",7240,4,1,1,yes,no,yes,no,no,2,yes,unfurnished,
" 58,90,000 ",6580,4,2,3,yes,no,no,no,yes,0,no,unfurnished,
" 58,83,000 ",5580,4,1,3,yes,yes,no,no,yes,1,no,furnished,
" 58,83,000 ",11540,4,1,3,yes,no,no,no,no,2,yes,semi-furnished,
" 58,76,000 ",4880,4,1,1,yes,yes,yes,no,no,0,no,unfurnished,
" 58,20,000 ",5908,5,1,4,yes,yes,no,no,no,0,no,semi-furnished,
" 58,20,000 ",5280,4,1,3,yes,no,no,no,yes,0,no,semi-furnished,
" 58,20,000 ",4880,4,1,3,yes,no,no,no,yes,0,no,unfurnished,
" 58,13,000 ",7080,4,1,1,yes,no,yes,no,no,2,yes,semi-furnished,
" 57,85,000 ",6080,4,2,4,yes,no,no,no,yes,0,no,unfurnished,
" 57,50,000 ",5480,5,2,2,yes,no,no,no,yes,2,no,unfurnished,
" 57,50,000 ",4720,5,1,2,yes,no,no,no,no,1,no,semi-furnished,
" 57,50,000 ",5080,4,1,3,yes,no,no,no,yes,0,no,semi-furnished,
" 57,50,000 ",6440,4,1,1,yes,yes,yes,no,yes,2,yes,furnished,
" 57,50,000 ",5880,4,2,4,yes,no,no,no,yes,0,no,unfurnished,
" 56,62,500 ",6740,5,2,2,yes,yes,yes,no,no,1,yes,semi-furnished,
" 56,10,000 ",10580,5,2,2,yes,no,no,no,no,1,no,semi-furnished,
" 56,10,000 ",4880,6,2,3,no,no,yes,yes,no,0,no,unfurnished,
" 56,10,000 ",4780,5,1,2,yes,yes,yes,no,yes,1,no,furnished,
" 56,10,000 ",5080,4,1,4,yes,no,no,no,no,0,no,furnished,
" 56,10,000 ",10580,3,1,1,yes,no,no,no,no,1,no,semi-furnished,
" 56,10,000 ",5580,4,2,2,yes,no,no,no,no,1,no,semi-furnished,
" 56,10,000 ",6440,4,1,3,yes,no,no,no,no,0,yes,semi-furnished,
" 56,10,000 ",6680,5,2,1,yes,no,yes,no,no,0,yes,semi-furnished,
" 56,10,000 ",5216,4,1,2,yes,yes,yes,no,yes,0,yes,unfurnished,
" 55,75,000 ",4480,5,1,2,yes,no,no,no,yes,2,yes,semi-furnished,
" 55,75,000 ",5480,6,1,2,yes,yes,yes,no,yes,0,yes,furnished,
" 55,40,000 ",3380,4,3,2,yes,no,yes,no,no,0,no,semi-furnished,
" 55,40,000 ",3730,4,2,2,yes,no,no,no,no,2,no,semi-furnished,
" 55,40,000 ",6180,4,2,1,yes,no,yes,no,no,2,yes,furnished,
" 55,33,000 ",6980,4,1,1,yes,yes,yes,no,no,0,yes,semi-furnished,
" 55,05,000 ",2897,5,2,2,no,yes,yes,no,no,1,no,furnished,
" 55,05,000 ",8060,4,1,1,yes,no,no,no,no,2,no,semi-furnished,
" 54,70,000 ",3230,4,2,1,yes,yes,yes,no,yes,0,no,furnished,
" 54,70,000 ",6290,5,1,4,yes,yes,no,no,yes,0,no,furnished,
" 54,70,000 ",6180,4,1,3,yes,yes,no,no,yes,0,yes,semi-furnished,
" 54,70,000 ",6680,5,2,2,yes,yes,yes,no,no,0,yes,semi-furnished,
" 54,35,000 ",6905,4,1,1,yes,yes,yes,no,yes,0,yes,semi-furnished,
" 54,00,000 ",6790,4,2,2,yes,yes,yes,no,no,1,yes,furnished,
" 53,93,000 ",6530,4,2,1,yes,yes,yes,yes,no,0,no,unfurnished,
" 53,30,000 ",7880,4,1,1,yes,no,yes,no,yes,2,yes,unfurnished,
" 52,95,000 ",4680,3,2,1,yes,no,no,no,yes,2,no,semi-furnished,
" 52,60,000 ",4340,5,1,2,yes,no,yes,no,yes,0,no,furnished,
" 52,60,000 ",6620,5,2,2,no,no,no,no,yes,0,no,semi-furnished,
" 52,60,000 ",5580,4,2,1,yes,no,yes,no,no,0,no,semi-furnished,
" 52,60,000 ",10349,4,1,1,yes,no,no,no,no,1,yes,semi-furnished,
" 52,60,000 ",8480,4,1,2,yes,yes,yes,no,yes,2,yes,unfurnished,
" 52,60,000 ",5380,5,2,1,yes,no,no,no,yes,0,yes,unfurnished,
" 52,60,000 ",3880,4,1,2,yes,yes,yes,no,no,1,yes,unfurnished,
" 52,60,000 ",9880,5,2,2,yes,yes,no,no,no,2,no,semi-furnished,
" 52,60,000 ",8600,4,1,1,yes,no,no,no,yes,2,no,furnished,
" 52,53,000 ",6130,4,1,1,yes,no,yes,no,no,0,yes,semi-furnished,
" 52,39,000 ",7165,4,1,1,yes,yes,yes,no,no,2,yes,semi-furnished,
" 52,25,000 ",3260,4,2,2,yes,no,no,no,no,2,no,semi-furnished,
" 52,25,000 ",4580,5,2,1,no,no,yes,no,yes,2,no,semi-furnished,
" 52,25,000 ",7280,4,1,2,yes,yes,yes,no,no,1,yes,furnished,
" 51,55,000 ",3490,4,1,2,no,no,no,no,yes,0,no,semi-furnished,
" 51,55,000 ",8060,4,1,1,yes,no,no,no,no,1,yes,semi-furnished,
" 51,20,000 ",3080,4,2,2,yes,yes,yes,no,no,0,no,furnished,
" 51,20,000 ",3080,4,1,2,yes,no,yes,no,no,0,no,unfurnished,
" 51,20,000 ",11490,3,1,2,yes,no,no,no,no,0,yes,furnished,
" 51,20,000 ",6180,4,1,1,yes,no,yes,no,yes,0,yes,semi-furnished,
" 50,85,000 ",5800,3,1,2,yes,no,no,no,yes,0,yes,unfurnished,
" 50,50,000 ",3620,3,1,1,no,yes,yes,no,no,0,no,semi-furnished,
" 50,50,000 ",7680,5,1,2,yes,no,no,no,yes,2,no,furnished,
" 50,50,000 ",10780,4,1,2,yes,yes,yes,no,no,0,no,semi-furnished,
" 50,50,000 ",6680,4,1,1,yes,yes,yes,no,no,0,yes,furnished,
" 50,43,000 ",4880,3,1,1,yes,yes,yes,no,no,0,no,semi-furnished,
" 50,15,000 ",8230,4,2,1,yes,yes,yes,no,no,0,no,semi-furnished,
" 49,80,000 ",4490,5,3,2,yes,no,yes,no,no,2,no,semi-furnished,
" 49,80,000 ",7766,4,1,1,yes,yes,yes,yes,no,0,no,semi-furnished,
" 49,66,000 ",2880,4,2,2,no,no,yes,no,yes,1,no,semi-furnished,
" 49,45,000 ",6028,4,1,2,yes,no,no,no,yes,0,no,semi-furnished,
" 49,17,000 ",4280,4,1,2,yes,no,no,no,no,1,no,furnished,
" 49,10,000 ",4600,4,1,2,yes,no,yes,no,yes,0,no,semi-furnished,
" 49,10,000 ",4175,4,1,2,no,yes,yes,no,yes,0,no,semi-furnished,
" 49,10,000 ",4200,3,1,1,yes,no,yes,no,no,1,no,semi-furnished,
" 49,10,000 ",5480,5,1,2,yes,no,no,no,no,0,no,semi-furnished,
" 49,10,000 ",4850,4,1,1,yes,yes,yes,no,no,0,no,semi-furnished,
" 49,10,000 ",6380,4,1,1,yes,no,no,no,yes,2,no,semi-furnished,
" 49,10,000 ",5880,3,1,1,yes,yes,yes,no,yes,0,no,semi-furnished,
" 49,10,000 ",3080,4,1,2,yes,no,yes,no,yes,0,no,semi-furnished,
" 49,10,000 ",3050,4,1,3,yes,no,no,no,no,0,no,semi-furnished,
" 49,10,000 ",6800,4,1,1,yes,no,no,no,no,0,no,unfurnished,
" 49,10,000 ",4726,4,1,2,yes,yes,yes,no,no,2,no,semi-furnished,
" 49,10,000 ",12980,4,1,1,yes,no,no,no,no,2,no,furnished,
" 49,03,000 ",3500,5,2,2,yes,no,yes,no,yes,2,no,semi-furnished,
" 49,03,000 ",5075,5,2,1,yes,no,yes,no,no,0,no,semi-furnished,
" 48,75,000 ",4430,3,1,1,yes,no,yes,no,no,0,no,unfurnished,
" 48,40,000 ",4240,4,1,3,yes,no,no,no,no,0,no,unfurnished,
" 48,40,000 ",6120,4,1,1,yes,no,no,no,no,2,yes,semi-furnished,
" 48,40,000 ",6942,4,1,2,yes,no,no,no,yes,2,yes,furnished,
" 48,40,000 ",4895,3,1,1,yes,no,no,no,yes,0,yes,semi-furnished,
" 48,05,000 ",7080,4,1,2,yes,no,yes,no,no,0,no,unfurnished,
" 48,05,000 ",8180,5,1,4,yes,no,yes,no,yes,2,no,semi-furnished,
" 47,77,000 ",3500,5,2,2,yes,no,no,no,no,0,no,semi-furnished,
" 47,70,000 ",9246,3,1,1,yes,no,yes,no,yes,2,no,semi-furnished,
" 47,70,000 ",6401,4,1,2,yes,no,yes,no,yes,1,no,furnished,
" 47,70,000 ",10320,3,1,1,yes,no,no,no,yes,2,yes,unfurnished,
" 47,63,000 ",6520,3,1,1,yes,no,no,no,yes,3,no,semi-furnished,
" 47,00,000 ",5250,4,1,4,yes,no,no,no,yes,0,no,semi-furnished,
" 47,00,000 ",6080,3,1,1,yes,no,yes,no,yes,1,no,furnished,
" 47,00,000 ",3710,4,1,2,yes,no,no,no,no,2,no,semi-furnished,
" 47,00,000 ",9747,5,2,2,yes,yes,yes,no,no,1,no,semi-furnished,
" 47,00,000 ",5480,3,1,2,yes,no,no,no,no,0,yes,semi-furnished,
" 47,00,000 ",4400,4,1,1,yes,no,no,no,no,0,yes,semi-furnished,
" 46,65,000 ",3825,4,1,2,yes,no,yes,no,no,0,no,furnished,
" 46,30,000 ",4240,4,1,1,yes,yes,yes,no,yes,0,no,unfurnished,
" 46,30,000 ",3960,4,2,2,yes,no,yes,no,no,2,no,semi-furnished,
" 46,30,000 ",5760,4,1,2,yes,yes,no,no,yes,1,no,semi-furnished,
" 46,30,000 ",2950,3,1,2,yes,yes,yes,no,no,0,yes,semi-furnished,
" 46,30,000 ",5090,4,1,2,yes,no,yes,no,no,0,no,semi-furnished,
" 46,23,000 ",4590,5,2,2,yes,no,yes,no,no,0,no,semi-furnished,
" 45,95,000 ",4080,4,1,2,yes,no,no,no,no,1,no,furnished,
" 45,95,000 ",3920,4,1,2,yes,no,no,no,no,1,yes,semi-furnished,
" 45,60,000 ",3840,4,1,1,yes,no,no,no,no,2,no,semi-furnished,
" 45,60,000 ",3720,4,1,2,yes,no,no,no,yes,0,no,furnished,
" 45,60,000 ",2630,4,1,2,yes,no,yes,no,no,0,no,furnished,
" 45,60,000 ",5400,4,1,2,yes,yes,yes,no,no,0,yes,semi-furnished,
" 45,60,000 ",5440,4,1,2,yes,no,no,no,no,2,yes,unfurnished,
" 45,60,000 ",3600,4,1,1,yes,no,no,no,no,0,yes,semi-furnished,
" 45,60,000 ",8480,5,1,4,yes,no,no,no,no,3,no,unfurnished,
" 45,53,000 ",4180,3,2,1,yes,yes,yes,no,no,0,no,semi-furnished,
" 45,53,000 ",5070,5,2,2,yes,yes,yes,no,no,0,yes,furnished,
" 45,25,000 ",3590,4,1,3,yes,no,no,no,no,0,no,semi-furnished,
" 45,25,000 ",3530,4,1,2,yes,no,yes,no,no,1,no,semi-furnished,
" 45,25,000 ",9940,4,1,1,yes,no,no,no,no,0,no,semi-furnished,
" 45,25,000 ",3600,3,1,2,yes,no,no,no,no,0,yes,furnished,
" 44,90,000 ",4590,5,1,2,yes,no,no,no,yes,2,no,semi-furnished,
" 44,90,000 ",5965,3,1,1,yes,no,no,no,yes,1,no,unfurnished,
" 44,90,000 ",4080,4,1,2,yes,no,no,no,no,2,no,furnished,
" 44,90,000 ",8330,4,1,1,yes,no,no,no,no,0,no,furnished,
" 44,90,000 ",4120,4,1,2,yes,no,no,no,no,1,no,semi-furnished,
" 44,83,000 ",6440,3,1,1,yes,no,yes,no,yes,1,no,furnished,
" 44,83,000 ",3242,4,1,2,yes,no,no,no,yes,1,no,furnished,
" 44,83,000 ",3590,4,1,2,yes,no,no,no,no,0,no,semi-furnished,
" 44,55,000 ",3830,3,1,1,yes,yes,yes,no,no,0,no,semi-furnished,
" 44,20,000 ",4048,4,1,2,no,no,no,no,no,0,no,semi-furnished,
" 44,20,000 ",4980,3,1,2,yes,no,yes,no,no,0,no,semi-furnished,
" 44,13,000 ",2960,4,1,2,yes,no,no,no,no,0,yes,semi-furnished,
" 44,13,000 ",4960,4,1,1,yes,no,no,no,no,2,yes,unfurnished,
" 44,13,000 ",5000,4,1,2,yes,no,no,no,no,1,no,semi-furnished,
" 43,92,000 ",5030,5,1,2,yes,no,no,no,yes,0,no,semi-furnished,
" 43,85,000 ",3980,4,1,2,yes,no,no,no,no,0,no,unfurnished,
" 43,50,000 ",4580,4,2,3,yes,no,no,yes,no,1,no,furnished,
" 43,50,000 ",1985,6,1,2,no,no,yes,no,no,0,no,semi-furnished,
" 43,50,000 ",4155,4,1,1,yes,yes,yes,no,no,2,no,semi-furnished,
" 43,50,000 ",3580,5,1,2,yes,no,no,no,no,2,no,furnished,
" 43,50,000 ",6530,5,1,2,yes,no,no,no,no,0,no,semi-furnished,
" 43,29,000 ",4112,3,1,1,yes,no,yes,no,no,0,no,furnished,
" 43,15,000 ",4480,3,1,1,yes,no,no,no,no,1,no,semi-furnished,
" 43,15,000 ",10440,3,1,1,yes,no,no,no,no,1,yes,semi-furnished,
" 42,87,000 ",3480,4,1,2,yes,no,yes,no,no,2,yes,semi-furnished,
" 42,80,000 ",6440,3,1,1,yes,no,no,no,no,0,no,furnished,
" 42,80,000 ",6440,3,1,2,yes,no,no,no,no,0,no,unfurnished,
" 42,80,000 ",4580,3,1,1,yes,no,no,no,yes,2,no,furnished,
" 42,80,000 ",2255,4,1,2,no,yes,yes,no,yes,0,no,unfurnished,
" 42,80,000 ",4440,5,1,2,yes,no,no,no,no,0,no,furnished,
" 42,80,000 ",7850,3,1,1,yes,no,no,no,no,1,no,furnished,
" 42,45,000 ",6730,4,1,2,yes,yes,no,no,no,0,no,semi-furnished,
" 42,45,000 ",2867,4,1,1,yes,no,yes,no,no,0,yes,furnished,
" 42,10,000 ",5580,4,1,2,yes,no,no,no,yes,0,no,unfurnished,
" 42,10,000 ",5120,4,1,2,yes,no,yes,no,yes,0,no,unfurnished,
" 42,10,000 ",5930,3,1,1,yes,yes,yes,no,no,2,no,semi-furnished,
" 42,10,000 ",2690,5,3,2,no,no,no,no,no,0,no,semi-furnished,
" 42,10,000 ",3033,4,1,2,yes,no,yes,no,yes,0,no,unfurnished,
" 42,10,000 ",2827,5,2,2,no,no,no,no,no,0,no,semi-furnished,
" 42,10,000 ",4490,3,1,1,no,no,no,no,no,1,no,unfurnished,
" 42,10,000 ",4080,5,2,2,no,no,no,no,no,0,no,semi-furnished,
" 42,10,000 ",2405,4,1,2,no,no,no,no,no,0,no,semi-furnished,
" 42,10,000 ",4680,4,2,2,yes,no,no,no,yes,1,no,semi-furnished,
" 42,10,000 ",3720,4,2,2,yes,no,yes,no,no,0,no,unfurnished,
" 42,10,000 ",5880,4,1,1,yes,no,no,yes,no,2,no,semi-furnished,
" 42,10,000 ",7080,4,1,1,yes,no,no,no,no,3,no,furnished,
" 42,10,000 ",4159,4,1,3,yes,no,no,no,no,0,no,semi-furnished,
" 42,10,000 ",3600,4,1,2,yes,no,no,no,no,0,yes,semi-furnished,
" 42,10,000 ",2225,4,1,3,yes,no,no,no,no,1,yes,unfurnished,
" 42,10,000 ",4580,4,1,1,yes,no,yes,no,no,0,no,furnished,
" 42,03,000 ",8330,4,1,1,yes,no,yes,no,no,3,no,semi-furnished,
" 42,03,000 ",3530,4,1,2,yes,no,no,no,no,1,no,semi-furnished,
" 41,75,000 ",4920,4,1,2,yes,no,no,no,no,1,no,semi-furnished,
" 41,75,000 ",4160,4,1,2,yes,no,no,no,no,2,no,semi-furnished,
" 41,75,000 ",4126,4,1,2,yes,no,yes,no,no,1,no,semi-furnished,
" 41,40,000 ",4712,5,1,2,yes,no,no,no,yes,0,no,semi-furnished,
" 41,40,000 ",6065,4,1,1,yes,no,yes,no,no,0,no,semi-furnished,
" 41,33,000 ",6140,3,1,1,yes,no,yes,no,no,1,no,semi-furnished,
" 41,08,500 ",3680,4,1,1,yes,no,yes,no,yes,0,yes,furnished,
" 41,05,000 ",3760,4,2,2,yes,no,no,no,no,0,no,semi-furnished,
" 41,05,000 ",4120,3,1,2,yes,no,no,no,no,1,no,semi-furnished,
" 41,05,000 ",5680,3,1,1,yes,no,no,no,yes,0,no,semi-furnished,
" 40,70,000 ",5980,5,2,2,no,no,yes,no,no,1,no,unfurnished,
" 40,70,000 ",5072,4,2,2,yes,no,no,no,no,2,no,unfurnished,
" 40,70,000 ",4420,4,1,1,yes,no,no,no,no,0,no,semi-furnished,
" 40,70,000 ",3080,5,1,3,yes,no,yes,no,yes,2,no,semi-furnished,
" 40,70,000 ",4400,4,1,2,yes,no,no,no,no,2,yes,furnished,
" 40,35,000 ",3710,4,2,2,yes,no,no,yes,no,2,no,semi-furnished,
" 40,35,000 ",3540,4,2,1,yes,no,yes,no,yes,1,no,furnished,
" 40,35,000 ",5480,4,1,1,yes,no,no,no,no,3,no,semi-furnished,
" 40,17,500 ",4580,4,1,2,no,no,yes,no,yes,0,no,semi-furnished,
" 40,17,500 ",3540,5,1,2,yes,no,no,no,yes,0,no,semi-furnished,
" 40,00,000 ",4180,5,1,1,no,no,yes,no,no,0,no,unfurnished,
" 40,00,000 ",6560,4,1,2,no,no,no,no,yes,1,no,semi-furnished,
" 40,00,000 ",4580,4,2,2,no,no,yes,no,yes,0,no,semi-furnished,
" 40,00,000 ",4040,4,1,2,yes,no,no,no,no,0,no,furnished,
" 40,00,000 ",4130,3,1,2,yes,yes,yes,no,no,0,yes,unfurnished,
" 39,30,000 ",7340,4,2,1,yes,yes,yes,no,no,3,no,furnished,
" 39,30,000 ",5580,5,1,2,yes,yes,yes,no,no,0,no,semi-furnished,
" 39,30,000 ",3080,4,1,2,yes,no,no,no,no,0,no,semi-furnished,
" 39,30,000 ",3370,3,1,1,yes,no,no,yes,no,1,no,furnished,
" 39,30,000 ",3896,3,1,1,yes,no,yes,no,yes,2,no,furnished,
" 39,30,000 ",8160,4,1,1,yes,no,no,no,yes,2,no,semi-furnished,
" 39,30,000 ",2225,5,2,1,yes,no,yes,no,no,0,yes,unfurnished,
" 38,95,000 ",3860,3,1,2,yes,yes,yes,no,no,0,no,semi-furnished,
" 38,95,000 ",3260,5,2,2,yes,no,no,no,no,0,no,furnished,
" 38,60,000 ",5380,6,2,2,yes,no,no,no,no,0,no,semi-furnished,
" 38,60,000 ",3260,3,2,1,yes,no,yes,no,no,2,no,semi-furnished,
" 38,60,000 ",7232,4,1,2,yes,no,no,no,yes,0,no,furnished,
" 38,60,000 ",4160,3,1,1,yes,no,no,no,no,0,no,semi-furnished,
" 38,60,000 ",3930,3,1,1,yes,no,no,no,no,0,no,semi-furnished,
" 38,60,000 ",2095,4,1,2,yes,no,yes,no,no,0,yes,semi-furnished,
" 38,60,000 ",2256,3,1,2,yes,yes,no,no,no,0,yes,semi-furnished,
" 38,46,000 ",3430,4,1,2,yes,no,no,no,no,0,no,unfurnished,
" 38,25,000 ",3230,3,2,1,no,no,yes,no,no,0,no,semi-furnished,
" 37,90,000 ",4900,4,1,2,yes,no,no,no,no,0,no,semi-furnished,
" 37,90,000 ",3500,3,1,2,yes,no,no,yes,no,1,no,semi-furnished,
" 37,90,000 ",3680,3,1,1,yes,no,no,no,no,0,no,semi-furnished,
" 37,90,000 ",5910,3,1,1,yes,no,no,no,no,2,no,unfurnished,
" 37,90,000 ",2936,4,1,3,yes,no,no,no,no,0,yes,furnished,
" 37,90,000 ",8480,3,1,1,yes,no,no,no,no,1,no,furnished,
" 37,83,000 ",8330,4,1,1,yes,no,no,no,no,2,no,furnished,
" 37,83,000 ",2600,6,2,1,no,no,yes,no,yes,1,no,furnished,
" 37,83,000 ",7010,5,1,2,no,no,no,no,no,1,no,furnished,
" 37,55,000 ",3560,3,1,1,yes,no,no,no,no,0,yes,semi-furnished,
" 37,20,000 ",3680,4,1,1,yes,no,no,no,no,1,no,unfurnished,
" 37,20,000 ",4120,3,1,1,yes,no,no,no,no,0,no,semi-furnished,
" 37,20,000 ",6100,4,1,1,yes,no,no,no,no,0,no,semi-furnished,
" 37,20,000 ",4130,3,1,1,yes,no,no,no,no,0,no,furnished,
" 37,20,000 ",3664,3,1,1,yes,no,no,yes,no,0,no,semi-furnished,
" 37,13,000 ",3200,4,1,2,no,no,yes,yes,no,0,no,semi-furnished,
" 37,13,000 ",5530,3,1,1,yes,no,no,no,no,0,no,furnished,
" 36,85,000 ",3710,3,1,1,yes,no,yes,no,no,0,no,furnished,
" 36,85,000 ",3710,3,1,1,yes,no,no,no,yes,0,no,unfurnished,
" 36,85,000 ",5720,3,1,1,no,no,no,no,no,0,no,semi-furnished,
" 36,85,000 ",3680,3,1,1,yes,no,no,no,no,0,no,furnished,
" 36,50,000 ",4360,3,1,1,yes,no,no,no,yes,2,no,semi-furnished,
" 36,50,000 ",3650,4,1,2,yes,no,yes,no,no,0,no,semi-furnished,
" 36,50,000 ",3260,4,1,2,no,no,yes,no,no,0,no,semi-furnished,
" 36,50,000 ",3080,3,1,2,yes,no,no,no,yes,0,no,furnished,
" 36,50,000 ",3600,3,2,1,yes,no,yes,no,no,0,no,semi-furnished,
" 36,50,000 ",6040,4,1,2,yes,yes,yes,no,no,0,no,unfurnished,
" 36,50,000 ",4210,4,2,2,yes,no,no,no,no,2,no,semi-furnished,
" 36,50,000 ",2930,4,2,2,no,no,yes,no,no,0,yes,unfurnished,
" 36,50,000 ",2355,4,1,3,yes,no,no,yes,yes,0,yes,semi-furnished,
" 36,43,000 ",3600,4,1,1,yes,no,no,no,no,2,yes,unfurnished,
" 36,15,000 ",4580,3,1,1,yes,no,no,no,no,0,no,semi-furnished,
" 36,15,000 ",4080,3,1,1,yes,no,no,no,no,0,yes,semi-furnished,
" 35,80,000 ",3230,4,1,2,yes,no,yes,no,no,0,no,furnished,
" 35,80,000 ",4580,5,2,2,yes,no,yes,no,no,2,no,furnished,
" 35,80,000 ",4580,3,1,1,no,no,no,no,no,0,no,furnished,
" 35,80,000 ",3720,3,1,1,yes,no,no,no,no,0,no,unfurnished,
" 35,45,000 ",3930,4,1,1,yes,no,no,no,no,2,no,unfurnished,
" 35,10,000 ",4320,4,1,2,yes,no,no,no,yes,0,no,semi-furnished,
" 35,10,000 ",3730,4,1,2,yes,no,no,no,no,0,no,unfurnished,
" 35,10,000 ",4680,5,1,2,yes,no,no,no,no,0,no,semi-furnished,
" 35,10,000 ",2215,4,2,2,no,no,no,no,no,0,no,unfurnished,
" 35,10,000 ",3116,4,1,2,yes,no,yes,no,no,0,no,semi-furnished,
" 35,10,000 ",4070,4,1,2,yes,no,no,no,no,0,no,semi-furnished,
" 35,10,000 ",7504,4,1,1,no,no,no,no,no,0,no,unfurnished,
" 35,10,000 ",3560,4,1,1,no,no,no,no,yes,0,no,unfurnished,
" 35,10,000 ",3680,7,1,2,yes,no,no,no,no,1,no,unfurnished,
" 35,10,000 ",3720,3,1,1,yes,no,no,no,no,1,no,semi-furnished,
" 35,10,000 ",5980,3,1,1,yes,no,no,no,no,1,no,furnished,
" 35,10,000 ",3200,4,1,2,yes,no,no,no,no,1,no,unfurnished,
" 35,10,000 ",7430,3,1,1,yes,no,no,no,no,1,no,semi-furnished,
" 35,10,000 ",3592,3,1,1,yes,no,no,no,no,1,yes,unfurnished,
" 35,10,000 ",9580,4,1,2,yes,no,no,no,no,3,yes,unfurnished,
" 35,10,000 ",5960,3,1,1,yes,no,no,no,no,0,no,unfurnished,
" 35,10,000 ",13024,4,1,1,yes,no,no,no,no,0,no,unfurnished,
" 35,03,000 ",4980,4,1,2,no,no,no,no,no,0,no,unfurnished,
" 34,75,000 ",3140,4,1,1,yes,no,no,no,no,0,no,unfurnished,
" 34,75,000 ",5400,3,1,1,yes,no,no,no,no,1,yes,unfurnished,
" 34,75,000 ",2225,4,1,3,yes,no,no,no,no,0,yes,furnished,
" 34,40,000 ",4080,3,1,1,yes,no,no,no,no,0,no,unfurnished,
" 34,40,000 ",3265,3,1,1,yes,no,no,no,no,2,no,unfurnished,
" 34,40,000 ",3930,4,1,1,yes,no,no,no,no,0,no,unfurnished,
" 34,40,000 ",2225,4,1,3,yes,no,no,no,no,0,yes,furnished,
" 34,40,000 ",2690,4,1,2,yes,no,yes,no,no,0,yes,unfurnished,
" 34,40,000 ",2030,4,2,2,yes,no,yes,no,no,0,yes,unfurnished,
" 34,33,000 ",4120,3,1,1,yes,no,no,no,no,0,no,unfurnished,
" 34,05,000 ",4865,4,1,2,yes,yes,yes,no,yes,1,no,furnished,
" 34,05,000 ",3530,4,1,1,yes,no,yes,no,no,2,no,unfurnished,
" 34,05,000 ",3720,3,1,1,yes,no,no,no,no,0,no,furnished,
" 33,70,000 ",3580,5,1,2,yes,no,no,no,yes,2,no,unfurnished,
" 33,70,000 ",5040,5,1,3,no,no,no,no,no,0,no,semi-furnished,
" 33,70,000 ",4200,3,1,2,yes,no,no,no,no,0,no,unfurnished,
" 33,70,000 ",4830,3,1,1,yes,no,no,no,no,0,no,unfurnished,
" 33,70,000 ",3800,3,1,1,no,no,no,no,yes,0,no,unfurnished,
" 33,70,000 ",3830,4,1,1,yes,no,no,no,no,0,no,unfurnished,
" 33,70,000 ",3180,4,1,2,no,no,yes,no,no,0,no,semi-furnished,
" 33,70,000 ",3265,3,1,1,yes,no,yes,no,no,2,no,furnished,
" 33,63,000 ",2780,4,1,1,no,no,no,no,no,0,no,furnished,
" 33,42,000 ",2225,4,1,2,yes,no,yes,no,no,0,yes,furnished,
" 33,35,000 ",4120,3,1,1,yes,no,no,no,no,1,no,unfurnished,
" 33,35,000 ",4855,5,1,2,yes,no,no,no,no,0,no,unfurnished,
" 33,00,000 ",2580,3,1,1,no,no,no,no,yes,0,no,unfurnished,
" 33,00,000 ",3260,5,1,2,yes,no,yes,no,yes,0,no,unfurnished,
" 33,00,000 ",6140,4,1,1,yes,yes,yes,no,no,0,no,furnished,
" 33,00,000 ",3560,5,1,2,no,no,no,no,no,1,no,semi-furnished,
" 33,00,000 ",3872,5,1,2,yes,no,no,no,no,0,no,semi-furnished,
" 33,00,000 ",4120,3,1,1,yes,no,no,no,no,0,no,unfurnished,
" 33,00,000 ",2225,4,1,2,yes,no,yes,no,no,0,yes,furnished,
" 33,00,000 ",5960,4,1,1,yes,no,no,no,no,1,no,unfurnished,
" 32,65,000 ",4580,3,1,1,no,no,no,no,no,0,no,semi-furnished,
" 32,65,000 ",4010,3,1,1,no,no,no,no,no,0,no,unfurnished,
" 32,44,000 ",3720,5,1,2,yes,no,yes,no,no,0,no,unfurnished,
" 32,30,000 ",4450,4,1,2,yes,no,no,no,no,0,no,unfurnished,
" 32,30,000 ",2764,3,1,1,yes,no,no,no,yes,1,no,unfurnished,
" 32,30,000 ",4400,4,1,1,no,no,no,no,no,1,no,unfurnished,
" 32,30,000 ",3200,4,1,2,no,no,no,no,no,0,no,furnished,
" 31,60,000 ",3530,2,1,1,yes,no,no,no,no,0,no,furnished,
" 31,60,000 ",4066,3,2,1,no,yes,yes,no,no,1,no,unfurnished,
" 31,60,000 ",3580,3,1,1,no,no,yes,no,no,0,no,semi-furnished,
" 31,60,000 ",4175,3,1,1,yes,no,no,no,no,2,no,semi-furnished,
" 31,60,000 ",1730,4,1,2,no,no,yes,no,no,0,no,unfurnished,
" 31,60,000 ",3530,4,1,2,yes,no,yes,no,no,0,no,semi-furnished,
" 31,60,000 ",6830,3,1,1,yes,no,no,no,no,0,no,semi-furnished,
" 31,60,000 ",9080,4,1,2,yes,no,no,no,no,2,no,semi-furnished,
" 31,60,000 ",3149,3,1,1,yes,no,no,no,no,1,no,unfurnished,
" 31,53,000 ",4580,4,1,2,yes,no,no,no,yes,0,no,unfurnished,
" 31,39,000 ",5575,4,1,1,yes,no,yes,no,no,0,no,unfurnished,
" 31,28,850 ",2478,4,1,1,yes,no,no,no,no,0,yes,semi-furnished,
" 31,25,000 ",3080,4,1,1,no,no,no,no,yes,0,no,unfurnished,
" 31,25,000 ",3930,4,1,2,yes,no,no,no,no,0,no,unfurnished,
" 31,25,000 ",3580,3,1,1,yes,no,no,no,no,0,no,unfurnished,
" 30,97,000 ",8180,3,1,1,yes,no,no,no,no,1,no,unfurnished,
" 30,90,000 ",5040,3,1,1,yes,no,yes,no,yes,0,no,unfurnished,
" 30,90,000 ",2240,4,1,2,no,no,yes,no,no,0,no,semi-furnished,
" 30,90,000 ",3170,3,1,1,yes,yes,yes,no,no,0,no,unfurnished,
" 30,90,000 ",4580,3,1,2,yes,no,no,yes,no,1,no,semi-furnished,
" 30,55,000 ",3880,3,1,1,yes,no,no,no,no,0,no,unfurnished,
" 30,20,000 ",3170,4,1,2,no,no,no,no,no,0,no,semi-furnished,
" 30,20,000 ",3320,4,1,2,yes,no,no,no,no,2,no,semi-furnished,
" 30,20,000 ",2915,3,1,1,yes,no,no,no,no,0,no,semi-furnished,
" 30,20,000 ",4680,3,1,1,yes,no,no,no,no,0,no,furnished,
" 30,20,000 ",5156,4,1,1,no,no,no,no,no,0,no,unfurnished,
" 30,20,000 ",3830,4,1,2,yes,no,no,no,no,0,no,unfurnished,
" 30,20,000 ",3710,5,1,2,yes,no,no,no,no,3,no,semi-furnished,
" 30,13,000 ",8130,3,1,1,yes,no,no,no,no,0,no,unfurnished,
" 29,85,000 ",4432,5,1,2,no,no,no,no,no,1,no,unfurnished,
" 29,71,000 ",3080,3,1,2,yes,no,no,no,no,0,no,semi-furnished,
" 29,50,000 ",5930,4,1,2,yes,no,yes,no,no,1,no,unfurnished,
" 29,50,000 ",5040,3,1,1,yes,no,no,no,no,0,no,unfurnished,
" 29,50,000 ",3680,4,1,2,no,no,no,no,no,1,no,unfurnished,
" 29,50,000 ",3740,5,1,2,no,no,no,no,no,0,no,unfurnished,
" 29,50,000 ",3560,4,1,2,no,no,no,no,no,1,no,semi-furnished,
" 29,50,000 ",2780,3,1,1,no,no,no,no,no,0,no,furnished,
" 29,50,000 ",3230,4,1,2,no,no,no,no,no,0,no,unfurnished,
" 29,50,000 ",6695,4,1,2,yes,no,no,no,no,0,no,semi-furnished,
" 28,80,000 ",3120,3,1,1,no,no,no,no,no,0,no,unfurnished,
" 28,80,000 ",3710,3,1,1,yes,no,no,no,no,0,no,unfurnished,
" 28,80,000 ",6080,3,1,1,yes,no,no,no,no,0,no,semi-furnished,
" 28,80,000 ",5480,5,1,2,yes,no,no,no,no,0,no,unfurnished,
" 28,62,500 ",5280,5,1,3,yes,no,no,no,no,0,no,unfurnished,
" 28,45,000 ",3380,4,1,2,no,no,no,no,no,1,no,semi-furnished,
" 28,45,000 ",4430,4,1,2,no,no,no,yes,no,1,no,unfurnished,
" 28,45,000 ",2720,3,1,1,no,no,no,no,no,1,no,furnished,
" 28,10,000 ",2730,4,1,2,yes,no,yes,no,no,1,no,unfurnished,
" 28,10,000 ",4040,4,1,1,yes,no,no,no,no,0,no,furnished,
" 27,40,000 ",6880,3,1,1,yes,no,no,no,no,0,no,unfurnished,
" 27,40,000 ",4080,4,1,2,yes,no,no,no,no,1,no,unfurnished,
" 27,05,000 ",4080,3,1,1,yes,no,no,no,no,0,no,unfurnished,
" 26,70,000 ",4014,3,1,1,yes,no,no,no,no,0,no,unfurnished,
" 26,70,000 ",2080,3,1,2,yes,no,no,no,no,0,no,semi-furnished,
" 26,70,000 ",3710,4,3,2,no,yes,no,no,no,0,no,unfurnished,
" 26,70,000 ",2880,4,1,1,yes,no,no,no,no,0,no,unfurnished,
" 26,70,000 ",2510,4,1,1,no,no,no,no,no,0,no,unfurnished,
" 26,70,000 ",3560,3,1,1,yes,no,no,no,no,1,no,semi-furnished,
" 26,70,000 ",4080,4,1,1,yes,no,no,no,no,0,no,semi-furnished,
" 26,63,000 ",3265,3,1,1,yes,no,no,no,yes,0,no,unfurnished,
" 26,63,000 ",4080,4,1,2,yes,no,no,no,yes,0,no,unfurnished,
" 26,14,000 ",2990,3,1,1,no,no,no,no,no,0,no,unfurnished,
" 26,00,000 ",3680,3,1,1,yes,no,no,no,no,0,no,unfurnished,
" 26,00,000 ",4480,3,1,1,yes,no,no,no,no,0,no,unfurnished,
" 26,00,000 ",3680,3,2,2,yes,no,yes,no,no,1,no,furnished,
" 25,30,000 ",2960,4,1,1,no,no,no,no,no,0,no,unfurnished,
" 25,30,000 ",3260,4,1,1,no,no,no,no,no,0,no,unfurnished,
" 25,30,000 ",3080,3,1,2,yes,no,no,no,no,0,no,furnished,
" 24,95,000 ",4480,4,1,2,yes,no,no,no,no,0,no,unfurnished,
" 24,95,000 ",3080,4,1,2,no,no,no,no,no,0,no,semi-furnished,
" 24,60,000 ",3290,4,1,2,yes,no,yes,no,no,0,no,unfurnished,
" 24,60,000 ",3320,3,1,1,no,yes,no,no,no,1,no,unfurnished,
" 24,60,000 ",3080,3,1,1,yes,no,no,no,no,1,no,unfurnished,
" 24,60,000 ",3580,3,1,1,yes,yes,no,no,no,0,no,unfurnished,
" 24,60,000 ",4920,3,1,2,yes,no,no,no,no,0,no,unfurnished,
" 24,60,000 ",7780,3,1,1,yes,no,no,no,no,0,no,unfurnished,
" 24,18,000 ",3715,3,1,1,no,no,no,no,no,0,no,unfurnished,
" 23,90,000 ",2555,4,1,2,yes,no,no,no,no,0,no,furnished,
" 23,90,000 ",2867,5,2,2,yes,no,no,no,no,0,no,furnished,
" 23,90,000 ",3344,3,1,1,yes,no,no,no,no,0,no,unfurnished,
" 23,55,000 ",3720,3,1,1,yes,no,no,no,no,0,no,unfurnished,
" 23,20,000 ",3260,3,1,1,yes,no,no,no,no,0,no,unfurnished,
" 22,85,000 ",1916,3,1,1,no,no,yes,no,no,0,no,semi-furnished,
" 22,85,000 ",4050,2,1,1,no,no,no,no,no,0,no,unfurnished,
" 22,85,000 ",4050,4,1,2,yes,no,yes,no,no,0,no,unfurnished,
" 22,50,000 ",2030,4,1,1,no,no,no,yes,no,0,no,unfurnished,
" 22,43,000 ",5380,4,1,1,no,no,no,no,yes,0,yes,unfurnished,
" 21,45,000 ",3080,3,1,1,no,no,no,no,no,0,no,unfurnished,
" 21,10,000 ",2480,4,1,2,yes,no,no,no,no,0,no,unfurnished,
" 21,10,000 ",3080,5,1,2,yes,no,no,no,no,0,no,unfurnished,
" 21,10,000 ",3440,3,1,1,yes,no,no,no,no,1,no,unfurnished,
" 19,70,000 ",3500,6,1,2,no,no,no,no,no,0,no,unfurnished,
" 19,00,000 ",1780,4,1,2,yes,no,no,no,no,0,no,unfurnished,
" 19,00,000 ",3729,3,1,1,yes,no,no,no,no,0,no,unfurnished,
" 18,65,000 ",3070,3,1,1,no,no,no,no,no,1,no,unfurnished,
" 18,30,000 ",3080,3,1,1,yes,no,yes,no,no,2,no,unfurnished,
" 17,77,150 ",2480,4,1,1,no,no,no,no,no,0,no,semi-furnished,
" 17,60,000 ",3700,3,1,1,yes,no,no,no,no,0,no,unfurnished,
" 17,60,000 ",2990,4,1,1,no,no,no,no,no,0,no,furnished,
" 17,60,000 ",3930,4,1,2,yes,no,no,no,no,0,no,unfurnished,
